	ATAC-1	CTCF-1	CTCF-2	CTCF-3	H3K4me3-1	H3K4me3-2	H3K27ac-1	H3K27ac-2	Means-SNV	Means-CNV	HiC-0	HiC-1	HiC-2	HiC-3	HiC-4
BRCA1	0.13616537	0.035369635	0.03835625	0.07468455	0.18668075	0.03442096	0.10502459	0.037295286	0.8262619	0.061219133	0.024946198	0.05490259	0.046351355	0.034950323	0.03117074
