	ATAC-1	CTCF-1	CTCF-2	CTCF-3	H3K4me3-1	H3K4me3-2	H3K27ac-1	H3K27ac-2	Means-SNV	Means-CNV	HiC-0	HiC-1	HiC-2	HiC-3	HiC-4
BRCA2	0.19244273	0.03587258	0.038765088	0.05285917	0.12555735	0.035048015	0.08113402	0.042727776	0.5226268	0.048011567	0.026638638	0.060384862	0.043810274	0.035873506	0.0312397
