	ATAC-1	CTCF-1	CTCF-2	CTCF-3	H3K4me3-1	H3K4me3-2	H3K27ac-1	H3K27ac-2	Means-SNV	Means-CNV	HiC-0	HiC-1	HiC-2	HiC-3	HiC-4
BRCA1	0.31930068	0.03571294	0.040936533	0.08619512	0.18804921	0.031452574	0.12743564	0.03936326	0.72991955	0.06586917	0.022366341	0.047883265	0.04878131	0.03468312	0.028504688
