	ATAC-1	CTCF-1	CTCF-2	CTCF-3	H3K4me3-1	H3K4me3-2	H3K27ac-1	H3K27ac-2	Means-SNV	Means-CNV	HiC-0	HiC-1	HiC-2	HiC-3	HiC-4
BRCA1	0.07761743	0.030546602	0.03712773	0.06396174	0.19622302	0.03746504	0.09454214	0.041456323	0.83905405	0.05605808	0.02602408	0.06572442	0.045071136	0.03529538	0.034344207
