	ATAC-1	CTCF-1	CTCF-2	CTCF-3	H3K4me3-1	H3K4me3-2	H3K27ac-1	H3K27ac-2	Means-SNV	Means-CNV	HiC-0	HiC-1	HiC-2	HiC-3	HiC-4
BRCA1	0.06600851	0.03551318	0.03579312	0.055270676	0.20553255	0.03301948	0.08359805	0.041337423	0.83887684	0.0608519	0.024520665	0.08050489	0.046235166	0.034824256	0.031865872
