	ATAC-1	CTCF-1	CTCF-2	CTCF-3	H3K4me3-1	H3K4me3-2	H3K27ac-1	H3K27ac-2	Means-SNV	Means-CNV	HiC-0	HiC-1	HiC-2	HiC-3	HiC-4
BRCA1	0.061859693	0.035360973	0.03641871	0.054726273	0.20080213	0.038888715	0.08996412	0.04322302	0.84094924	0.058458373	0.025200585	0.075451344	0.042216092	0.03579256	0.033963025
