	ATAC-1	CTCF-1	CTCF-2	CTCF-3	H3K4me3-1	H3K4me3-2	H3K27ac-1	H3K27ac-2	Means-SNV	Means-CNV	HiC-0	HiC-1	HiC-2	HiC-3	HiC-4
BRCA1	0.08414085	0.035421204	0.034212634	0.061872046	0.19356133	0.03874115	0.0915538	0.042957593	0.8428112	0.059138943	0.025938833	0.06314967	0.042656906	0.035618234	0.031878136
